Music,Artist,Text,Language,Url,Search Status,Unnamed: 6,Unnamed: 7,Unnamed: 8,Unnamed: 9,Unnamed: 10,Unnamed: 11,Unnamed: 12,Unnamed: 13,Unnamed: 14,Unnamed: 15,Unnamed: 16,Unnamed: 17,Unnamed: 18,Unnamed: 19
CaetanoVeloso,Sozinho,"['Às', 'vezes', 'silêncio', 'noite', 'Eu', 'fico', 'imaginando', 'dois', 'Eu', 'fico', 'ali', 'sonhando', 'acordado', 'Juntando', 'antes', 'agora', 'Por', 'deixa', 'tão', 'solto', 'Por', 'cola', 'mim', 'sentindo', 'sozinho', 'Não', 'quero', 'ser', 'dono', 'É', 'carinho', 'vezes', 'cai', 'bem', 'Eu', 'segredos', 'planos', 'Secretos', 'abro', 'pra', 'ninguém', 'Por', 'esquece', 'some', 'interessar', 'alguém', 'repente', 'ganha', 'Quando', 'gente', 'gosta', 'claro', 'gente', 'cuida', 'Fala', 'ama', 'boca', 'pra', 'Ou', 'engana', 'madura', 'Onde', 'agora', 'Quando', 'gente', 'gosta', 'claro', 'gente', 'cuida', 'Fala', 'ama', 'boca', 'pra', 'Ou', 'engana', 'madura', 'Ei', 'ei', 'ei', 'Onde', 'agora']",PT-BR,https://api.vagalume.com.br/search.php?art= Sozinho &mus=Caetano-Veloso&apikey=dc668952146a4a25b6d06586e7b69708,GoogleSearch OK,,,,,,,,,,,,,,
GarotaNacional,Skank,"['Aqui', 'nesse', 'mundinho', 'fechado', 'incrível', 'Com', 'vestidinho', 'preto', 'indefectível', 'Eu', 'detesto', 'jeito', 'pensando', 'bem', 'Ela', 'fecha', 'sonhos', 'ninguém', 'uh', 'Beat', 'it', 'laun', 'daun', 'daun', 'Beat', 'it', 'loom', 'dap´n', 'daun', 'Beat', 'it', 'laun', 'baun', 'baun', 'Conhece', 'ti', 'conheço', 'bem', 'Sou', 'qualquer', 'vulgar', 'bem', 'vezes', 'esqueço', 'finjo', 'finjo', 'ignorar', 'sei', 'Que', 'domina', 'primeiro', 'olhar', 'uh', 'Beat', 'it', 'laun', 'daun', 'daun', 'Beat', 'it', 'loom', 'dap´n', 'daun', 'Beat', 'it', 'laun', 'baun', 'baun', 'Eu', 'quero-te', 'provar', 'medo', 'amor', 'Oh', 'quero-te', 'provar', 'Porque', 'derrama', 'banquete', 'palacete', 'Um', 'anjo', 'vestido', 'libido', 'cacete', 'Ela', 'tão', 'tão', 'vistosa', 'talvez', 'mentira', 'Quem', 'dera', 'cara', 'fôsse', 'sucupira', 'Conhece', 'ti', 'conheço', 'bem', 'Sou', 'qualquer', 'vulgar', 'bem', 'vezes', 'esqueço', 'finjo', 'finjo', 'ignorar', 'sei', 'Que', 'domina', 'primeiro', 'olhar', 'uh', 'Beat', 'it', 'laun', 'daun', 'daun', 'Beat', 'it', 'loom', 'dap´n', 'daun', 'Beat', 'it', 'laun', 'baun', 'baun', 'Eu', 'quero', 'provar', 'Sem', 'medo', 'amor', 'Quero', 'provar', 'Eu', 'quero', 'provar', 'Cozida', 'vapor', 'Quero', 'provar']",PT-BR,https://api.vagalume.com.br/search.php?art= Skank &mus=Garota-Nacional&apikey=dc668952146a4a25b6d06586e7b69708,exact,,,,,,,,,,,,,,
Evidências,ChitãozinhoeXororó,"['Quando', 'digo', 'deixei', 'amar', 'É', 'porque', 'amo', 'Quando', 'digo', 'quero', 'É', 'porque', 'quero', 'Eu', 'medo', 'dar', 'coração', 'confessar', 'mãos', 'Mas', 'posso', 'imaginar', 'vai', 'ser', 'mim', 'Se', 'perder', 'dia', 'Eu', 'afasto', 'defendo', 'Mas', 'entrego', 'Faço', 'tipo', 'falo', 'coisas', 'Mas', 'nego', 'Mas', 'verdade', 'louco', 'medo', 'pensar', 'perder', 'Eu', 'preciso', 'aceitar', 'dá', 'Pra', 'separar', 'vidas', 'nessa', 'loucura', 'dizer', 'quero', 'Vou', 'negando', 'aparências', 'Disfarçando', 'evidências', 'Mas', 'pra', 'viver', 'fingindo', 'Se', 'posso', 'enganar', 'coração', 'Eu', 'sei', 'amo', 'Chega', 'mentiras', 'negar', 'desejo', 'Eu', 'quero', 'tudo', 'Eu', 'preciso', 'beijo', 'Eu', 'entrego', 'vida', 'Pra', 'fazer', 'quiser', 'mim', 'Só', 'quero', 'ouvir', 'dizer', 'sim', 'Diz', 'verdade', 'saudade', 'Que', 'ainda', 'pensa', 'mim', 'Diz', 'verdade', 'saudade', 'Que', 'ainda', 'quer', 'viver', 'pra', 'mim']",PT-BR,https://api.vagalume.com.br/search.php?art= Chitaozinho e Xororo &mus=Evidencias&apikey=dc668952146a4a25b6d06586e7b69708,exact,,,,,,,,,,,,,,
Quesechamaamor,Sópracontrariar,"['Como', 'coisa', 'assim', 'machuca', 'tanto', 'toma', 'conta', 'todo', 'ser', 'É', 'saudade', 'imensa', 'partiu', 'coração', 'É', 'dor', 'funda', 'pessoa', 'pode', 'ter', 'É', 'virus', 'pega', 'mil', 'fantasias', 'Num', 'simples', 'toque', 'olhar', 'Me', 'sinto', 'tão', 'carente', 'consequência', 'desta', 'dor', 'Que', 'nao', 'dia', 'hora', 'pra', 'acabar', 'Ai', 'afogo', 'copo', 'cerveja', 'nela', 'solução', 'Entao', 'chego', 'casa', 'todo', 'dia', 'embriagado', 'Vou', 'enfrentar', 'quarto', 'dormir', 'solidão', '[', 'REFRAO', ']', 'Meu', 'Deus', 'Eu', 'nao', 'posso', 'enfrentar', 'dor', 'Que', 'chama', 'amor', 'Tomou', 'conta', 'ser', 'Dia-a-dia', 'pouco', 'pouco', 'Já', 'ficando', 'louco', 'Só', 'causa']",PT-BR,https://api.vagalume.com.br/search.php?art= So pra contrariar &mus=Que-se-chama-amor&apikey=dc668952146a4a25b6d06586e7b69708,aprox,,,,,,,,,,,,,,
MinadeFé,OsMorenos,"['Eu', 'feliz', 'saber', 'Isso', 'revolta', 'Tudo', 'fiz', 'querer', 'Será', 'volta', 'Eu', 'dei', 'valor', 'dediquei', 'Ao', 'grande', 'amor', 'Como', 'vacilei', 'Tô', 'doente', 'saudade', 'Tanta', 'curtição', 'tanta', 'liberdade', 'Quanta', 'azaração', 'Quanta', 'falsidade', 'Tô', 'doente', 'saudade', 'Eu', 'aprendi', 'vale', 'nada', 'Noite', 'farra', 'madrugada', 'Eu', 'prometi', 'magoar', 'Pode', 'confiar', 'Foi', 'preciso', 'perder', 'Pra', 'aprender', 'valorizar', 'mina', 'fé', 'mina', 'fé', 'Eu', 'preciso', 'entender', 'Não', 'deve', 'largar', 'jamais', 'mina', 'fé', 'mina', 'fé']",PT-BR,https://api.vagalume.com.br/search.php?art= Os Morenos &mus=Mina-de-Fe&apikey=dc668952146a4a25b6d06586e7b69708,aprox,,,,,,,,,,,,,,
Cadavoltaéumrecomeço,ZezéDiCamargoeLuciano,"['Mais', 'vez', 'Meu', 'coração', 'esquece', 'tudo', 'fez', 'volto', 'pra', 'amor', 'insano', 'pensar', 'mim', 'Pra', 'recomeçar', 'sabendo', 'fim', 'Mas', 'paixão', 'coisas', 'paixão', 'explicação', 'É', 'simplesmente', 'entregar', 'deixar', 'acontecer', 'Eu', 'sempre', 'acabo', 'envolvendo', 'Nesses', 'desencontros', 'insisto', 'encontrar', 'Como', 'partisse', 'pensando', 'voltar', 'Como', 'fundo', 'pudesse', 'existir', 'ter', 'Toda', 'vez', 'volto', 'vejo', 'sempre', 'igual', 'Como', 'saudade', 'coisa', 'banal', 'chegando', 'sempre', 'louco', 'pra', 'dizer', 'amo', 'Que', 'leve', 'vida', 'coração', 'Como', 'versos', 'pra', 'canção', 'Volto', 'pra', 'Volto', 'amor', 'Não', 'importa', 'sonho', 'avesso', 'Cada', 'volta', 'recomeço']",PT-BR,https://api.vagalume.com.br/search.php?art= Zeze Di Camargo e Luciano &mus=Cada-volta-e-um-recomeco&apikey=dc668952146a4a25b6d06586e7b69708,aprox,,,,,,,,,,,,,,
ViraVira,MamonasAssassinas,"['Raios', 'Fui', 'convidado', 'pra', 'tal', 'suruba', 'Não', 'pude', 'ir', 'Maria', 'lugar', 'Depois', 'semana', 'voltou', 'pra', 'casa', 'Toda', 'arregaçada', 'podia', 'sentar', 'Quando', 'vi', 'fiquei', 'assustado', 'Maria', 'chorando', 'começou', 'explicar', 'Daí', 'então', 'fiquei', 'aliviado', 'dei', 'graças', 'Deus', 'porque', 'lugar', 'Refrão', 'Roda-roda', 'vira', 'solta', 'roda', 'vem', 'Me', 'passaram', 'mão', 'bunda', 'ainda', 'comi', 'ninguém', 'Roda-roda', 'vira', 'solta', 'roda', 'vem', 'Neste', 'raio', 'suruba', 'passaram', 'mão', 'bunda', 'ainda', 'comi', 'ninguém', 'Oh', 'Manoel', 'olha', 'cá', 'Tu', 'imaginas', 'sofrendo', 'Uma', 'teta', 'negão', 'arrancou', 'outra', 'sobrou', 'doendo', 'Ôô', 'Maria', 'vê', 'larga', 'frescura', 'Eu', 'levo', 'hospital', 'manhã', 'Tu', 'ficaste', 'tão', 'bonita', 'monoteta', 'Mais', 'vale', 'mão', 'dois', 'sutiã', 'Roda-roda', 'vira', 'solta', 'roda', 'vem', 'Me', 'passaram', 'mão', 'bunda', 'ainda', 'comi', 'ninguém', 'Roda-roda', 'vira', 'solta', 'roda', 'vem', 'Neste', 'raio', 'suruba', 'passaram', 'mão', 'bunda', 'ainda', 'comi', 'ninguém', 'Bate', 'pé', 'arrota', 'bate', 'pé', 'Ôô', 'Maria', 'suruba', 'excita', 'arrebita', 'arrebita', 'arrebita', 'Então', 'vai', 'fazer', 'amor', 'cabrita', 'arrebita', 'arrebita', 'arrebita', 'Mas', 'Maria', 'bom', 'exercita', 'bate', 'pé', 'arrebita', 'arrebita', 'Manoel', 'cabeça', 'titica', 'Larga', 'putaria', 'vai', 'cuidar', 'padaria', 'Roda-roda', 'vira', 'solta', 'roda', 'vem', 'Me', 'passaram', 'mão', 'bunda', 'ainda', 'comi', 'ninguém', 'Roda-roda', 'vira', 'solta', 'roda', 'vem', 'Neste', 'raio', 'suruba', 'passaram', 'mão', 'bunda', 'ainda', 'comi', 'ninguém', 'Vamos', 'lá', 'dançando', 'raios', 'Todo', 'mundo', 'comigo', 'Ueu', 'ueu', 'ueu', 'maria', 'deu', 'mal', 'Vamos', 'lá', 'Ai', 'dói']",PT-BR,https://api.vagalume.com.br/search.php?art= Mamonas Assassinas &mus=Vira-Vira&apikey=dc668952146a4a25b6d06586e7b69708,exact,,,,,,,,,,,,,,
Palpite,VanessaRangel,"['Tô', 'saudades', 'debaixo', 'cobertor', 'De', 'arrancar', 'suspiros', 'fazer', 'amor', 'Tô', 'saudades', 'varanda', 'noite', 'quente', 'arrepio', 'frio', 'dá', 'gente', 'Truque', 'desejo', 'Guardo', 'boca', 'gosto', 'beijo', 'Eu', 'sinto', 'falta', 'sinto', 'aí', 'Será', 'volta', 'Tudo', 'volta', 'triste', 'aí', 'O', 'amor', 'pode', 'acontecer', 'novo', 'pra', 'Palpite', 'Tô', 'saudades', 'banho', 'chuva', 'Do', 'calor', 'pele', 'língua', 'Tô', 'saudades', 'censurando', 'vestido', 'As', 'juras', 'amor', 'pé', 'ouvido', 'Truque', 'desejo', 'Guardo', 'boca', 'gosto', 'beijo', 'Eu', 'sinto', 'falta', 'sinto', 'aí', 'Será', 'volta', 'Tudo', 'volta', 'triste', 'aí', 'O', 'amor', 'pode', 'acontecer', 'novo', 'pra', 'Palpite']",PT-BR,https://api.vagalume.com.br/search.php?art= Vanessa Rangel &mus=Palpite&apikey=dc668952146a4a25b6d06586e7b69708,exact,,,,,,,,,,,,,,
PraFalarAVerdade,Daniel,"['Um', 'amigo', 'falou', 'Que', 'poeira', 'vai', 'baixar', 'Que', 'qualquer', 'carinho', 'novo', 'Põe', 'coisas', 'lugar', 'Que', 'falta', 'Tende', 'desaparecer', 'distância', 'faz', 'gente', 'esquecer', 'Que', 'amargo', 'solidão', 'Que', 'corta', 'coração', 'De', 'repente', 'vão', 'embora', 'Feito', 'chuva', 'verão', 'Que', 'pranto', 'vai', 'secar', 'vou', 'acostumar', 'Que', 'tempestade', 'logo', 'vai', 'passar', 'Pra', 'falar', 'verdade', 'realidade', 'É', 'pra', 'amor', 'desencantou', 'bis', 'Só', 'caso', 'saiu', 'tudo', 'errado', 'Se', 'tempo', 'apaga', 'dessa', 'vez', 'apagou']",PT-BR,https://api.vagalume.com.br/search.php?art= Daniel &mus=Pra-Falar-A-Verdade&apikey=dc668952146a4a25b6d06586e7b69708,exact,,,,,,,,,,,,,,
PeladosemSantos,MamonasAssassinas,"['Mina', 'Seus', 'cabelo', 'hora', 'Seu', 'corpão', 'violão', 'Meu', 'docinho', 'coco', 'Tá', 'deixando', 'louco', 'Minha', 'Brasília', 'amarela', 'Tá', 'portas', 'abertas', 'Pra', 'mode', 'gente', 'amar', 'Pelados', 'Santos', 'Pois', 'Pitxula', 'Me', 'deixa', 'legalzão', 'Não', 'sinto', 'sozinho', 'Você', 'chuchuzinho', 'Music', 'is', 'very', 'good', 'Oxente', 'ai', 'ai', 'ai', 'Mas', 'comigo', 'quer', 'casar', 'Na', 'Brasília', 'amarela', 'roda', 'gaúcha', 'Ela', 'quer', 'entrar', 'Feijão', 'jabá', 'desgraçada', 'quer', 'compartilhar', 'Mas', 'linda', 'Muito', 'linda', 'Very', 'very', 'beautiful', 'Você', 'deixa', 'doidão', 'Meu', 'docinho', 'coco', 'Music', 'is', 'very', 'porreta', 'Oxente', 'Paraguai', 'Pro', 'Paraguai', 'quis', 'viajar', 'Comprei', 'Reebok', 'calça', 'Fiorucci', 'Ela', 'quer', 'usar', 'Eu', 'sei', 'faço', 'Pra', 'mulher', 'conquistar', 'Por', 'linda', 'Muito', 'linda', 'Very', 'very', 'beautiful', 'Você', 'deixa', 'doidão', 'Meu', 'chuchuzinho', 'Eu', 'I', 'love', 'youuuuu', 'perai', 'pouquinho', 'u', 'uuuuuuuuuuuu']",PT-BR,https://api.vagalume.com.br/search.php?art= Mamonas Assassinas &mus=Pelados-em-Santos&apikey=dc668952146a4a25b6d06586e7b69708,aprox,,,,,,,,,,,,,,
LiberarGeral,TerraSamba,"['Nada', 'mal', 'Curtir', 'TerraSamba', 'nada', 'mal', 'Que', 'legal', 'É', 'entrar', 'clima', 'liberar', 'geral', 'Nada', 'mal', 'Curtir', 'TerraSamba', 'nada', 'mal', 'Que', 'legal', 'É', 'entrar', 'clima', 'liberar', 'geral', 'vira-e-mexe', 'noite', 'inteira', 'ôh', 'ôh', 'ôh', 'No', 'meio', 'ladeira', 'Pra', 'lavantar', 'poeira', 'ah', 'ah', 'Perder', 'estribeira', 'vira-e-mexe', 'noite', 'inteira', 'ôh', 'ôh', 'ôh', 'No', 'meio', 'ladeira', 'Pra', 'lavantar', 'poeira', 'ah', 'ah', 'Perder', 'estribeira', 'O', 'Terra', 'Samba', 'assim', 'Swing', 'swing', 'prá', 'prá', 'mim', 'Excita', 'corpo', 'razão', 'existir', 'No', 'samba', 'Samba', 'quero', 'ficar', 'O', 'Terra', 'Samba', 'assim', 'Swing', 'Swing', 'prá', 'prá', 'mim', 'Excita', 'corpo', 'razão', 'existir', 'No', 'samba', 'Samba', 'quero', 'ficar', '__________________________________________']",PT-BR,https://api.vagalume.com.br/search.php?art= Terra Samba &mus=Liberar-Geral&apikey=dc668952146a4a25b6d06586e7b69708,aprox,,,,,,,,,,,,,,
EstouApaixonado,JoãoPauloeDaniel,"['Quero', 'beber', 'mel', 'boca', 'Como', 'abelha', 'rainha', 'Quero', 'escrever', 'areia', 'história', 'junto', 'acorde', 'doce', 'guitarra', 'Tocar', 'notas', 'pensamento', 'cada', 'verso', 'traduzir', 'fibras', 'sentimento', 'Que', 'apaixonado', 'amor', 'tão', 'grande', 'Que', 'apaixonado', 'penso', 'todo', 'instante', 'Eu', 'quero', 'ser', 'ar', 'respiras', 'Eu', 'quero', 'ser', 'pão', 'alimenta', 'Eu', 'quero', 'ser', 'água', 'refresca', 'vinho', 'esquenta', 'cair', 'caia', 'abraço', 'Se', 'morrer', 'morra', 'desejo', 'Adormecer', 'dizendo', 'amo', 'acordar', 'beijo', 'Que', 'apaixonado', 'amor', 'tão', 'grande', 'Que', 'apaixonado', 'penso', 'todo', 'instante', 'Quero', 'sair', 'contigo', 'noite', 'enluarada', 'Dois', 'adolescentes', 'madrugada', 'Pra', 'viver', 'vida', 'pensar', 'nada', 'Que', 'apaixonado', 'amor', 'tão', 'grande', 'Que', 'apaixonado', 'penso', 'todo', 'instante']",PT-BR,https://api.vagalume.com.br/search.php?art= Joao Paulo e Daniel &mus=Estou-Apaixonado&apikey=dc668952146a4a25b6d06586e7b69708,aprox,,,,,,,,,,,,,,
Ocantodacidade,DanielaMercury,"['cor', 'dessa', 'cidade', 'O', 'canto', 'dessa', 'cidade', 'cor', 'dessa', 'cidade', 'O', 'canto', 'dessa', 'cidade', 'O', 'gueto', 'rua', 'fé', 'Eu', 'vou', 'andando', 'pé', 'Pela', 'cidade', 'bonita', 'O', 'toque', 'afoxé', 'força', 'onde', 'vem', 'Ninguém', 'explica', 'Ela', 'bonita', 'O', 'gueto', 'rua', 'fé', 'Eu', 'vou', 'andando', 'pé', 'Pela', 'cidade', 'bonita', 'O', 'toque', 'afoxé', 'força', 'onde', 'vem', 'Ninguém', 'explica', 'Ela', 'bonita', 'Uô', 'ô', 'Verdadeiro', 'amor', 'Uô', 'ô', 'Você', 'vai', 'onde', 'vou', 'Uô', 'ô', 'Verdadeiro', 'amor', 'Uô', 'ô', 'Você', 'vai', 'onde', 'vou', 'Não', 'diga', 'quer', 'Não', 'diga', 'quer', 'Eu', 'silêncio', 'noite', 'O', 'sol', 'manhã', 'Mil', 'voltas', 'mundo', 'Mas', 'ponto', 'final', 'Eu', 'primeiro', 'canta', 'Eu', 'carnaval', 'cor', 'dessa', 'cidade', 'O', 'canto', 'dessa', 'cidade', 'cor', 'dessa', 'cidade', 'O', 'canto', 'dessa', 'cidade', 'Não', 'diga', 'quer', 'Não', 'diga', 'quer', 'Eu', 'silêncio', 'noite', 'O', 'sol', 'manhã', 'Mil', 'voltas', 'mundo', 'Mas', 'ponto', 'final', 'Eu', 'primeiro', 'canta', 'Eu', 'carnaval', 'Uô', 'ô', 'Verdadeiro', 'amor', 'Uô', 'ô', 'Você', 'vai', 'onde', 'vou', 'Uô', 'ô', 'Verdadeiro', 'amor', 'Uô', 'ô', 'Você', 'vai', 'onde', 'vou', 'cor', 'dessa', 'cidade', 'O', 'canto', 'dessa', 'cidade', 'cor', 'dessa', 'cidade', 'O', 'canto', 'dessa', 'cidade']",PT-BR,https://api.vagalume.com.br/search.php?art= Daniela Mercury &mus=O-canto-da-cidade&apikey=dc668952146a4a25b6d06586e7b69708,aprox,,,,,,,,,,,,,,
ÉoAmor,ZezéDiCamargoeLuciano,"['Eu', 'vou', 'negar', 'louco', 'Tô', 'maluco', 'pra', 'ver', 'Eu', 'vou', 'negar', 'Eu', 'vou', 'negar', 'tudo', 'saudade', 'Você', 'traz', 'felicidade', 'Eu', 'vou', 'negar', '*', 'Eu', 'vou', 'negar', 'doce', 'mel', 'Meu', 'pedacinho', 'céu', 'Eu', 'vou', 'negar', 'Você', 'doce', 'amada', 'Minha', 'alegria', 'Meu', 'conto', 'fada', 'Minha', 'fantasia', 'paz', 'preciso', 'pra', 'sobreviver', 'Eu', 'apaixonado', 'alma', 'transparente', 'Um', 'louco', 'alucinado', 'meio', 'inconsequente', 'Um', 'caso', 'complicado', 'entender', 'É', 'amor', 'Que', 'mexe', 'cabeça', 'deixa', 'assim', 'Que', 'faz', 'pensar', 'esquecer', 'mim', 'Que', 'faz', 'esquecer', 'vida', 'feita', 'pra', 'viver', 'É', 'amor', 'Que', 'veio', 'tiro', 'certo', 'coração', 'Que', 'derrubou', 'base', 'forte', 'paixão', 'fez', 'entender', 'vida', 'nada', '*', 'repetir']",PT-BR,https://api.vagalume.com.br/search.php?art= Zeze Di Camargo e Luciano &mus=E-o-Amor&apikey=dc668952146a4a25b6d06586e7b69708,aprox,,,,,,,,,,,,,,
NoitePreta,VangeLeonel,"['Luzes', 'cidade', 'Meus', 'olhos', 'aguentam', 'Luzes', 'artificiais', 'cadê', 'noite', 'preta', 'Eu', 'saio', 'cidade', 'Procuro', 'escuridão', 'purificação', 'calada', 'noite', 'Da', 'noite', 'preta', 'Calada', 'noite', 'preta', 'noite', 'preta', 'Calada', 'noite', 'preta', 'noite', 'preta', 'Calada', 'noite', 'preta', 'Fecho', 'olhos', 'caverna', 'coração', 'Perdidos', 'sim', 'Na', 'calada', 'noite', 'preta', 'Deus', 'Deus', 'Deus', 'Aonde', 'vim', 'parar', 'À', 'noite', 'preta', 'vou', 'entregar']",PT-BR,https://api.vagalume.com.br/search.php?art= Vange Leonel &mus=Noite-Preta&apikey=dc668952146a4a25b6d06586e7b69708,aprox,,,,,,,,,,,,,,
Meapaixoneipelapessoaerrada,Exaltasamba,"['Eu', 'culpa', 'estar', 'amando', 'De', 'ficar', 'pensando']",toda hora Não entendo por que deixei acontecer E isso tudo me apavora  Você não tem culpa se eu estou sofrendo Se fantasiei de verde esta  história Você tem namorado posso até estar errado Mas tenho que ganhar você  É mais do que desejo é muito mais do que amor Eu te vejo nos meus sonhos E isso aumenta mais a minha dor  Eu me apaixonei pela pessoa errada Ninguém sabe o quanto que estou sofrendo Sempre que eu vejo ele do seu lado Morro de ciúme estou enlouquecendo (2x)  Fica comigo Me deixa ao menos te tocar Entenda que ao meu lado é o seu lugar  Eu me apaixonei pela pessoa errada Ninguém sabe o quanto que estou sofrendo Sempre que eu vejo ele do seu lado Morro de ciúme estou enlouquecendo (2x),PT-BR,https://api.vagalume.com.br/search.php?art= Exaltasamba &mus=Me-apaixonei-pela-pessoa-errada&apikey=dc668952146a4a25b6d06586e7b69708,aprox,,,,,,,,,,,,,
DepoisDoPrazer,SóPraContrariar,"['DEPOIS', 'DO', 'PRAZER', 'Tô', 'fazendo', 'amor', 'outra', 'pessoa', 'Mas', 'coração', 'vai', 'ser', 'pra', 'sempre', 'O', 'corpo', 'faz', 'alma', 'perdoa', 'Tanta', 'solidão', 'quase', 'enlouqueceu', 'Vou', 'falar', 'amor', 'Vou', 'jurar', 'paixão', 'dizer', 'sinto', 'todo', 'carinho', 'Pensando', 'Vou', 'fazer', 'toda', 'emoção', 'verdade', 'minto', 'vivo', 'sozinho', 'Não', 'sei', 'esquecer', 'acabou', 'ilusão', 'criei', 'Emoção', 'embora', 'gente', 'pede', 'pro', 'tempo', 'correr', 'Já', 'sei', 'amou', 'Que', 'falei', 'Dá', 'pra', 'ver', 'nessa', 'hora', 'amor', 'mede', 'Depois', 'prazer', 'Fica', 'dentro', 'peito', 'Sempre', 'saudade', 'Só', 'pensando', 'jeito', 'Eu', 'amo', 'verdade', 'desejo', 'vem', 'É', 'nome', 'chamo', 'Posso', 'gostar', 'alguém', 'Mas', 'amo', 'Vou', 'falar', 'amor', 'Vou', 'jurar', 'paixão', 'dizer', 'sinto', 'todo', 'carinho', 'Pensando', 'Vou', 'fazer', 'toda', 'emoção', 'verdade', 'minto', 'vivo', 'sozinho', 'Não', 'sei', 'esquecer', 'acabou', 'ilusão', 'criei', 'Emoção', 'embora', 'gente', 'pede', 'pro', 'tempo', 'correr', 'Já', 'sei', 'amou', 'Que', 'falei', 'Dá', 'pra', 'ver', 'nessa', 'hora', 'amor', 'mede', 'Depois', 'prazer']",PT-BR,https://api.vagalume.com.br/search.php?art= So Pra Contrariar &mus=Depois-Do-Prazer&apikey=dc668952146a4a25b6d06586e7b69708,aprox,,,,,,,,,,,,,,
PrefixodeVerão,BandaMel,"['#', 'm', 'Ae', 'ae', 'ae', 'ae', 'G7+', 'Ei', 'ei', 'ei', 'ei', '#', 'm', 'G/A', 'Oô', 'oô', 'oô', 'oô', 'oô', 'oô', 'Quando', 'chegar', 'G/A', 'Quando', 'chegar', 'Quando', 'chegar', '#', 'm', 'Numa', 'nova', 'estação', 'G7+', '#', 'm', 'Te', 'espero', 'verão', '#', 'm', 'Salve', 'Salvador', '#', 'm', 'Me', 'bato', 'quebro', 'tudo', 'amor', 'Eu', 'Pelô', '#', 'm', 'O', 'negro', 'raça', 'fruto', 'amor', 'Salve', 'Salvador', '#', 'm', 'Me', 'bato', 'quebro', 'tudo', 'amor', 'Eu', 'Pelô', '#', 'm', 'Ae', 'ae', 'ae', 'ae', 'G7+', 'Ei', 'ei', 'ei', 'ei', '#', 'm', 'Oô', 'oô', 'oô', 'oô', 'oô', 'oô', 'Ae', 'ae', 'ae', 'ae', 'G7+', 'Ei', 'ei', 'ei', 'ei', '#', 'm', 'Oô', 'oô', 'solo', '#', 'm', '#', 'm']",PT-BR,https://api.vagalume.com.br/search.php?art= Banda Mel &mus=Prefixo-de-Verao&apikey=dc668952146a4a25b6d06586e7b69708,aprox,,,,,,,,,,,,,,
TôLegal,GrupoRaça,"['Não', 'faz', 'mal', 'sonho', 'chegou', 'fim', 'Sem', 'baixo', 'astral', 'coração', 'Eu', 'juro', 'Não', 'faz', 'mal', 'valeu', 'enquanto', 'durou', 'agora', 'terminou', 'preciso', 'cuidar', 'mim', 'Não', 'faz', 'mal', 'primeira', 'vez', 'Que', 'grande', 'amor', 'desfez', 'Sem', 'ter', 'explicação', 'Não', 'faz', 'mal', 'lamentar', 'O', 'tempo', 'apagar', 'marcas', 'dessa', 'paixão', 'Tô', 'legal', 'apesar', 'disso', 'tudo', 'tô', 'legal', 'Vou', 'pensar', 'futuro', 'tô', 'legal', 'É', 'coração', 'diz', 'Tô', 'legal', 'apesar', 'disso', 'tudo', 'tô', 'legal', 'Vou', 'pensar', 'futuro', 'tô', 'legal', 'Quero', 'ver', 'feliz']",PT-BR,https://api.vagalume.com.br/search.php?art= Grupo Raca &mus=To-Legal&apikey=dc668952146a4a25b6d06586e7b69708,aprox,,,,,,,,,,,,,,
VidaCigana,RaçaNegra,"['oh', 'amor', 'fique', 'triste']", Saudade existe pra quem sabe ter, Minha vida cigana me afastou de você, Por algum tempo eu vou ter que viver," Por aqui, longe de você", Longe do teu carinho:  E do teu olhar," Que me acompanha, já tem muito tempo", Penso em você a cada momento, Sou água de rio que vai para o mar, Sou núvem nova que vem pra molhar," Essa noiva, que é você", Pra mim você é linda:  A dona do meu coração," Que bate tanto, quando te vê", É a verdade que me faz viver O meu coração bate tanto quando te vê, É a verdade que me faz viver!,PT-BR,https://api.vagalume.com.br/search.php?art= Raca Negra &mus=Vida-Cigana&apikey=dc668952146a4a25b6d06586e7b69708,aprox
Lôrabúrra,GabrieloPensador,"['Existem', 'mulheres', 'beleza', 'Mas', 'abrem', 'boca', 'Hmm', 'tristeza', 'Não', 'hálito', 'apodrece', 'ar', 'O', 'problema', 'falam', 'dá', 'pra', 'agüentar', 'Nada', 'cabeça', 'Personalidade', 'fraca', 'Tem', 'feminilidade', 'sensualidade', 'vaca', 'Produzidas', 'roupinhas', 'estação', 'Que', 'viram', 'anúncio', 'televisão', 'Milhões', 'pessoas', 'transitam', 'ruas', 'conhecemos', 'facilmente', 'tipo', 'perua', 'Bundinha', 'empinada', 'pra', 'mostrar', 'bonita', 'cabeça', 'parafinada', 'pra', 'ficar', 'igual', 'paquita', 'Lôira', 'búrra', 'Lôira', 'búrra', 'Lôira', 'búrra', 'Lôira', 'búrra', 'Elas', 'toda', 'parte', 'Rio', 'Janeiro', 'vezes', 'interrogo', 'tão', 'mundo', 'inteiro', 'À', 'procura', 'carros', 'À', 'procura', 'dinheiro', 'O', 'lugar', 'dessas', 'cadelas', 'puteiro', 'Só', 'preocupam', 'chamar', 'atenção', 'Não', 'idéias', 'burrão', 'Não', 'pensam', 'nada', 'Só', 'querem', 'badalar', 'Estar', 'moda', 'tirar', 'onda', 'beber', 'fumar', 'Cadelinhas', 'boate', 'ratinhas', 'praia', 'Apenas', 'otários', 'aturam', 'laia', 'enquanto', 'playboy', 'dá', 'dinheiro', 'atenção', 'Eu', 'saio', 'pra', 'ser', 'Ricardão', 'Lôrabúrra', 'Lôrabúrra', 'Lôrabúrra', 'Lôrabúrra', 'Não', 'machista', 'Exigente', 'talvez', 'Mas', 'quero', 'mulheres', 'inteligentes', 'Não', 'Vocês', 'puro', 'retrato', 'falsidade', 'Desculpa', 'amor', 'Mas', 'prefiro', 'mulher', 'verdade', 'Você', 'medíocre', 'ainda', 'sim', 'orgulhosa', 'Lôraburra', 'Não', 'tá', 'nada', 'tá', 'prosa', 'jeito', 'forçado', 'falar', 'deprimente', 'Já', 'entendi', 'problema', 'Vocês', 'tão', 'carentes', 'Mas', 'vou', 'usar', 'Você', 'nada', 'pra', 'mim', 'Hmm', 'amor', 'Foi', 'bom', 'pra', 'Ah', 'deixa', 'dormir', 'Pra', 'dar', 'atenção', 'pra', 'sabe', 'conversar', 'Pra', 'falar', 'sobre', 'tempo', 'sobre', 'mar', 'Não', 'Eu', 'prefiro', 'dormir', 'Sai', 'daqui', 'Eu', 'bem', 'claro', 'vou', 'repetir', 'pra', 'voce', 'entender', 'vou', 'ser', 'ate', 'direto', 'Lôrabúrra', 'cê', 'passa', 'mulher-objeto', 'Lôrabúrra', 'Lôrabúrra', 'Lôrabúrra', 'Lôrabúrra', 'Escravas', 'moda', 'todas', 'iguais', 'Cabelos', 'sorrisos', 'gestos', 'artificiais', 'idéias', 'banais', 'dizem', 'Racionais', 'Mulheres', 'vulgares', 'Uma', 'noite', 'nada', 'Lôrabúrra', 'vulgar', 'sim', 'Seus', 'valores', 'deturpados', 'leviana', 'Pensa', 'tudo', 'engana', 'frágil', 'cabecinha', 'porcelana', 'filosofia', 'ser', 'bonita', 'gostosa', 'Fora', 'disso', 'sebosa', 'tapada', 'preconceituosa', 'Seus', 'lindos', 'peitos', 'merecem', 'respeito', 'Marionetes', 'alienadas', 'têm', 'jeito', 'Eu', 'agressivo', 'Contundente', 'talvez', 'O', 'Pensador', 'dá', 'valor', 'mulheres', 'Mas', 'Vocês', 'puro', 'retrato', 'falsidade', 'Desculpa', 'amor', 'Mas', 'prefiro', 'mulher', 'verdade', 'Lôrabúrra', 'Lôrabúrra', 'Lôrabúrra', 'Lôrabúrra', 'É', 'problema', 'tá', 'cabelo', 'Tá', 'cabeca', 'Não', 'esqueça', 'Nem', 'todas', 'sócias', 'farmácia', 'Lorácia', 'Tem', 'muita', 'Lôrabúrra', 'cabelo', 'preto', 'castanho', 'aí', 'É', 'Lôrabúrra', 'morena', 'ruiva', 'preta', 'Lôrabúrra', 'careca', 'Lôrabúrra', 'natural', 'Loraça', 'belzebúrra', 'Cada', 'Lôrabúrra', 'jeito', 'todas', 'sao', 'iguais', 'Cê', 'tá', 'entendendo', 'Eu', 'gosto', 'mulher', 'Lôira', 'búrra', 'Lôria', 'búrra', 'Lôria', 'búrra', 'Lôria', 'búrra']",PT-BR,https://api.vagalume.com.br/search.php?art= Gabriel o Pensador &mus=Loraburra&apikey=dc668952146a4a25b6d06586e7b69708,exact,,,,,,,,,,,,,,
Penseemmim,LeandroeLeonardo,"['vez', 'ficar', 'pensando', 'nele', 'vez', 'viver', 'chorando', 'Pensa', 'mim', 'Chore', 'mim', 'Liga', 'pra', 'mim', 'Não', 'liga', 'pra', 'Pra', 'Não', 'chore', 'Se', 'lembre', 'tempo', 'amo', 'amo', 'amo', 'Quero', 'fazer', 'feliz', 'Vamos', 'pegar', 'primeiro', 'avião', 'Com', 'destino', 'felicidade', 'felicidade', 'pra', 'mim']",PT-BR,https://api.vagalume.com.br/search.php?art= Leandro e Leonardo &mus=Pense-em-mim&apikey=dc668952146a4a25b6d06586e7b69708,aprox,,,,,,,,,,,,,,
Eumeamarrei,JoãoPauloeDaniel,"['Eu', 'amarrei', 'Eu', 'amarrei', 'Eu', 'amarrei', 'No', 'coração', 'Eu', 'amarrei', 'Eu', 'amarrei', 'Eu', 'amarrei', 'Tô', 'amarrado', 'Nessa', 'paixão', 'Ela', 'agarra', 'Num', 'chamêgo', 'tão', 'gostoso', 'O', 'corpo', 'pega', 'fogo', 'É', 'demais', 'mulher', 'Chora', 'sanfona', 'aqui', 'grudado', 'nela', 'noite', 'inteira', 'rela', 'rela', 'quer', 'Eu', 'ganho', 'beijo', 'Num', 'cantinho', 'escondidinho', 'fala', 'bem', 'baixinho', 'Seu', 'desejo', 'mulher', 'Suor', 'pingando', 'Feito', 'tampa', 'panela', 'Xonado', 'gamado', 'nela', 'quer', '<', 'Por', 'Raviera', '>']",PT-BR,https://api.vagalume.com.br/search.php?art= Joao Paulo e Daniel &mus=Eu-me-amarrei&apikey=dc668952146a4a25b6d06586e7b69708,aprox,,,,,,,,,,,,,,
SemMedodeSerFeliz,ZezéDiCamargoeLuciano,"['Tira', 'paixão', 'cabeça', 'Tira', 'tristeza', 'olhar', 'Já', 'faz', 'sentido', 'busca', 'Já', 'vale', 'pena', 'chorar', 'Tempo', 'perdido', 'amor', 'bandido', 'fez', 'Final', 'história', 'rumo', 'vez', 'rio', 'busca', 'mar', 'vem', 'procurar', 'encontra', 'peito', 'amor', 'q', 'quis', 'dar', 'Então', 'viaja', 'corpo', 'medo', 'ser', 'feliz', 'dou', 'amor', 'faço', 'amor', 'nunca', 'fiz', 'REFRÃO', 'Perco', 'cabeça', 'queimo', 'fogo', 'Eu', 'juizo', 'faço', 'jogo', 'Sou', 'brinquedo', 'presente', 'caiu', 'ceu', 'Faço', 'tudo', 'pra', 'agradar', 'Dorme', 'braços', 'faço', 'sonhar', 'Mas', 'amanheceu', 'ja', 'esqueceu', 'Mais', 'vez', 'vai', 'leva', 'pedaço', 'mim', 'Mais', 'vez', 'vou', 'ficar', 'esperando', 'aqui', 'REPETE', 'REFRAO']",PT-BR,https://api.vagalume.com.br/search.php?art= Zeze Di Camargo e Luciano &mus=Sem-Medo-de-Ser-Feliz&apikey=dc668952146a4a25b6d06586e7b69708,aprox,,,,,,,,,,,,,,
RecadoaMinhaAmada,Katinguelê,"['Lua', 'Vai', 'Iluminar', 'pensamentos', 'Falar', 'pra', 'vivo', 'Viver', 'pior', 'castigo', 'Va', 'dizer', 'vou', 'sentir', 'saudades', 'Dos', 'velhos', 'tempos', 'felicidade', 'Reinava', 'pensamentos', 'Lua', 'Lua', 'Vai', 'Dizer', 'Que', 'paz', 'depende', 'vontade', 'bondade', 'vinda', 'dessa', 'moça', 'perdoar', 'sentimentos', 'Lua', 'Ora', 'vá', 'dizer', 'Que', 'mim', 'felicidade', 'Que', 'moço', 'igual', 'cidade', 'Mande', 'recado', 'amada', 'lua', 'vai']",PT-BR,https://api.vagalume.com.br/search.php?art= Katinguele &mus=Recado-a-Minha-Amada&apikey=dc668952146a4a25b6d06586e7b69708,exact,,,,,,,,,,,,,,
Lávemonegão,CravoeCanella,"['Lá', 'vem', 'negão', 'Cheio', 'paixão', 'Te', 'catá', 'catá', 'catá', 'Querendo', 'ganhar', 'todas', 'menininhas', 'Nem', 'coroa', 'perdoa', 'Fungou', 'cangote', 'Da', 'linda', 'morena', 'Te', 'catá', 'catá', 'catá', 'Loirinha', 'cafungada', 'negão', 'É', 'problema', 'Loirinha', 'cafungada', 'negão', 'É', 'problema', 'Se', 'ninguém', 'soube', 'amar', 'Pode', 'preparar', 'chegou', 'salvação', 'Só', 'alegria', 'pode', 'arrumar', 'Que', 'chegou', 'negão', 'Mas', 'compromissada', 'É', 'melhor', 'vacilar', 'Basta', 'sorriso', 'olhar', 'Para', 'negão', 'catar', 'Lá', 'vem', 'negão', 'Cheio', 'paixão', 'Te', 'catá', 'catá', 'catá', 'Querendo', 'ganhar', 'todas', 'menininhas', 'Nem', 'coroa', 'perdoa', 'Fungou', 'cangote', 'Da', 'linda', 'morena', 'Te', 'catá', 'catá', 'catá', 'Loirinha', 'cafungada', 'negão', 'É', 'problema', 'Loirinha', 'cafungada', 'negão', 'É', 'problema', 'Vem', 'negão', 'vem', 'depressa', 'É', 'mulherio', 'gritar', 'Vem', 'negão', 'hora', 'Vamos', 'deitar', 'rolar', 'Na', 'praia', 'rua', 'supermercado', 'Na', 'feira', 'maior', 'curtição', 'As', 'garotinhas', 'vem', 'requebrando', 'Pra', 'ficar', 'negão']",PT-BR,https://api.vagalume.com.br/search.php?art= Cravo e Canella &mus=La-vem-o-negao&apikey=dc668952146a4a25b6d06586e7b69708,aprox,,,,,,,,,,,,,,
CartãoPostal,Olodum,"['Pelourinho', 'Pelourinho', 'Pelourinho', 'sim', 'Pelourinho', 'Olha', 'cara', 'bis', 'Você', 'fica', 'toa', 'Tem', 'muita', 'gente', 'boa', 'bis', 'Aqui', 'tudo', 'mudou', 'São', 'quinze', 'anos', 'brilhou', 'bis', 'Olodum', 'Filhos', 'Sol', 'Reluz', 'Seduz', 'amor', 'bis', 'Negros', 'conscientizados', 'cantam', 'tocam', 'Pelô', 'bis', 'Pelourinho', 'primeiro', 'mundo', 'Cartão', 'postal', 'Salvador', 'bis', 'Passa', 'lá', 'Passa', 'lá', 'Passa', 'lá', 'vou', 'Passa', 'lá', 'Passa', 'lá', 'Passa', 'lá', 'Pelô', 'bis']",PT-BR,https://api.vagalume.com.br/search.php?art= Olodum &mus=Cartao-Postal&apikey=dc668952146a4a25b6d06586e7b69708,exact,,,,,,,,,,,,,,
ChorandoSeFoi,Kaoma,"['Chorando', 'dia', 'fez', 'chorar', 'Chorando', 'dia', 'fez', 'chorar', 'Chorando', 'estará', 'lembrar', 'amor', 'Que', 'dia', 'soube', 'cuidar', 'Chorando', 'estará', 'lembrar', 'amor', 'Que', 'dia', 'soube', 'cuidar', 'recordação', 'vai', 'estar', 'aonde', 'recordação', 'vai', 'estar', 'pra', 'sempre', 'aonde', 'Dança', 'sol', 'mar', 'guardarei', 'olhar', 'O', 'amor', 'faz', 'perder', 'encontrar', 'Lambando', 'estarei', 'lembrar', 'amor', 'Por', 'dia', 'instante', 'rei', 'recordação', 'vai', 'estar', 'aonde', 'recordação', 'vai', 'estar', 'pra', 'sempre', 'aonde', 'Chorando', 'estara', 'lembrar', 'amor', 'Que', 'dia', 'nao', 'soube', 'cuidar', 'Canção', 'riso', 'dor', 'melodia', 'amor', 'Um', 'momento', 'fica', 'ar']",PT-BR,https://api.vagalume.com.br/search.php?art= Kaoma &mus=Chorando-Se-Foi&apikey=dc668952146a4a25b6d06586e7b69708,exact,,,,,,,,,,,,,,
Swingdacor,DanielaMercury,"['Não', 'abandone', 'desespere', 'Porque', 'posso', 'ficar', 'bis', 'Porque', 'posso', 'ficar', 'ficar', 'ver', 'Vem', 'pro', 'swing', 'cor', 'Relaxar', 'calor', 'sabe', 'amarrar', 'Vem', 'sorriso', 'pequeno', 'No', 'beijo', 'veneno', 'Está', 'querendo', 'apaixonar', 'Te', 'curupaco', 'kioiô', 'Eu', 'Muzenza', 'larauê', 'Te', 'curupaco', 'kioiô', 'Eu', 'Muzenza', 'larauê', 'Aia', 'ulêlêlê', 'lêlê', 'aia', 'ulêlêlê', 'lêlê', 'aia']",PT-BR,https://api.vagalume.com.br/search.php?art= Daniela Mercury &mus=Swing-da-cor&apikey=dc668952146a4a25b6d06586e7b69708,aprox,,,,,,,,,,,,,,
EssaTalLiberdade,SóPraContrariar,"['O', 'vou', 'fazer', 'tal', 'liberdade', 'Se', 'solidão', 'pensando', 'Eu', 'nunca', 'imaginei', 'sentir', 'tanta', 'saudade', 'Meu', 'coração', 'sabe', 'esquecer', 'Eu', 'andei', 'errado', 'pisei', 'bola', 'Troquei', 'amava', 'ilusão', 'Mas', 'gente', 'aprende', 'vida', 'escola', 'Não', 'assim', 'acaba', 'grande', 'paixão', 'Quero', 'abraçar', 'quero', 'beijar', 'Te', 'desejo', 'noite', 'dia', 'Quero', 'prender', 'todo', 'Você', 'tudo', 'queria', 'O', 'vou', 'fazer', 'fim', 'tarde', 'Pra', 'onde', 'quer', 'olhe', 'lembro', 'Não', 'sei', 'fico', 'aqui', 'mudo', 'cidade', 'Sinceramente', 'amor', 'sei', 'fazer', 'Eu', 'andei', 'errado', 'pisei', 'bola', 'Achei', 'melhor', 'cantar', 'outra', 'canção', 'Mas', 'gente', 'aprende', 'vida', 'escola', 'Eu', 'troco', 'liberdade', 'perdão', 'Quero', 'abraçar', 'quero', 'beijar', 'Te', 'desejo', 'noite', 'dia', 'Quero', 'prender', 'todo', 'Você', 'tudo', 'queria']",PT-BR,https://api.vagalume.com.br/search.php?art= So Pra Contrariar &mus=Essa-Tal-Liberdade&apikey=dc668952146a4a25b6d06586e7b69708,aprox,,,,,,,,,,,,,,
Catedral,ZéliaDuncan,"['O', 'deserto', 'Que', 'atravessei', 'Ninguém', 'viu', 'passar', 'Estranha', 'Nem', 'pude', 'ver', 'Que', 'céu', 'maior', 'Tentei', 'dizer', 'vi', 'Tão', 'longe', 'chegar', 'Mas', 'perto', 'algum', 'lugar', 'É', 'deserto', 'Onde', 'encontrei', 'Você', 'viu', 'passar', 'Correndo', 'Nem', 'pude', 'ver', 'Que', 'tempo', 'maior', 'Olhei', 'pra', 'mim', 'Me', 'vi', 'assim', 'Tão', 'perto', 'chegar', 'Onde', 'No', 'silêncio', 'catedral', 'Um', 'templo', 'mim', 'Onde', 'possa', 'ser', 'imortal', 'Mas', 'vai', 'existir', 'Eu', 'sei', 'Vai', 'ter', 'existir', 'Vai', 'resistir', 'lugar', 'Solidão', 'Quem', 'pode', 'evitar', 'Te', 'encontro', 'enfim', 'Meu', 'coração', 'secular', 'Sonha', 'deságua', 'Dentro', 'mim', 'Amanhã', 'devagar', 'Me', 'diz', 'Como', 'voltar', 'Se', 'disser', 'Que', 'amor', 'Não', 'vou', 'mentir', 'pra', 'mim', 'Se', 'disser', 'Deixa', 'pra', 'Não', 'sempre', 'assim', 'Tentei', 'dizer', 'Mas', 'vi', 'Tão', 'longe', 'chegar', 'Mas', 'perto', 'algum', 'lugar']",PT-BR,https://api.vagalume.com.br/search.php?art= Zelia Duncan &mus=Catedral&apikey=dc668952146a4a25b6d06586e7b69708,exact,,,,,,,,,,,,,,
TomaJuízo,ZezéDiCamargoeLuciano,"['Hoje', 'aqui', 'Vim', 'falar', 'mim', 'Preciso', 'refazer', 'vida', 'Não', 'quero', 'ser', 'estrada', 'salvação', 'madrugada', 'Hoje', 'aqui', 'Vai', 'ter', 'decidir', 'Cansei', 'ter', 'metade', 'Eu', 'quero', 'amor', 'corpo', 'inteiro', 'Amor', 'maior', 'mundo', 'verdadeiro', 'Toma', 'cuidado', 'vida', 'muda', 'jogo', 'repente', 'Toma', 'juízo', 'Me', 'ajude', 'consertar', 'amor', 'gente', 'Toma', 'cuidado', 'Eu', 'posso', 'reverter', 'partida', 'Toma', 'juízo', 'Eu', 'vou', 'tirar', 'vida']",PT-BR,https://api.vagalume.com.br/search.php?art= Zeze Di Camargo e Luciano &mus=Toma-Juizo&apikey=dc668952146a4a25b6d06586e7b69708,aprox,,,,,,,,,,,,,,
CachimboDaPaz,"GabrielOPensador,LuluSantos","['cri', 'cri', 'criminalidade', 'toma', 'conta', 'cidade', 'sociedade', 'põe', 'cupa', 'autoridades', 'O', 'cacique', 'oficial', 'viajou', 'pro', 'Pantanal', 'Porque', 'aqui', 'violência', 'demais', 'lá', 'encontrou', 'velho', 'índio', 'usava', 'fio', 'dental', 'fumava', 'cachimbo', 'paz', 'O', 'presidente', 'deu', 'tapa', 'cachimbo', 'hora', 'De', 'voltar', 'pra', 'capital', 'ficou', 'preguiça', 'Trocou', 'paletó', 'fio', 'dental', 'nomeou', 'O', 'velho', 'índio', 'pra', 'ministro', 'justiça', 'novo', 'ministro', 'chegando', 'cidade', 'Achou', 'tribo', 'violenta', 'demais', 'Viu', 'todo', 'cara', 'pálida', 'vivia', 'atrás', 'grades', 'chamou', 'TV', 'jornais', 'disse', 'índio', 'chegou', 'trazendo', 'novidade', 'Índio', 'trouxe', 'cachimbo', 'paz', 'Maresia', 'sente', 'maresia', 'Maresia', 'uuhu', 'Apaga', 'fumaça', 'revólver', 'pistola', 'Manda', 'fumaça', 'cachimbo', 'pra', 'cachola', 'Acende', 'puxa', 'prende', 'passa', 'Índio', 'quer', 'cachimbo', 'índio', 'quer', 'fazer', 'fumaça', 'Todo', 'mundo', 'experimenta', 'cachimbo', 'floresta', 'Dizem', 'bom', 'Dizem', 'presta', 'Querem', 'proibir', 'querem', 'liberar', 'polêmica', 'chegou', 'congresso', 'Tudo', 'deve', 'ser', 'pra', 'evitar', 'concorrência', 'Porque', 'Hollywood', 'sucesso', 'O', 'cachimbo', 'paz', 'deixou', 'povo', 'tranquilo', 'Mas', 'fumo', 'acabou', 'porque', 'oitenta', 'quilos', 'povo', 'aplaudiu', 'índio', 'partiu', 'pra', 'selva', 'prometeu', 'voltar', 'tonelada', 'Só', 'voltou', 'sujou', 'polícia', 'federal', 'preparou', 'cilada', 'O', 'cachimbo', 'paz', 'proibido', 'entra', 'caçamba', 'vagabundo', 'Vamo', 'pra', 'DP', 'ê', 'êê', 'índio', 'fodido', 'Porque', 'lá', 'pau', 'vai', 'comer', 'Maresia', 'sente', 'maresia', 'Maresia', 'uuhu', 'Apaga', 'fumaça', 'revólver', 'pistola', 'Manda', 'fumaça', 'cachimbo', 'pra', 'cachola', 'Acende', 'puxa', 'prende', 'passa', 'Índio', 'quer', 'cachimbo', 'índio', 'quer', 'fazer', 'fumaça', 'Na', 'delegacia', 'viciado', 'delinquente', 'Cada', 'vício', 'caso', 'diferente', 'Um', 'cachaceiro', 'esfaqueou', 'dono', 'bar', 'Porque', 'vendia', 'pinga', 'fiado', 'senhor', 'bebeu', 'uísque', 'demais', 'Acordou', 'travesti', 'assassinou', 'coitado', 'Um', 'viciado', 'jogo', 'apostou', 'mulher', 'Perdeu', 'aposta', 'sequestrada', 'Era', 'tanta', 'ocorrência', 'tanta', 'violência', 'Que', 'índio', 'entendendo', 'nada', 'Ele', 'viu', 'delegado', 'fumava', 'charuto', 'fedorento', 'acendeu', 'paz', 'pra', 'relaxar', 'Mas', 'dar', 'tapinha', 'Levou', 'tapão', 'violento', 'chute', 'naquele', 'lugar', 'Foi', 'mandado', 'pro', 'presídio', 'caminho', 'assistiu', 'Um', 'acidente', 'provocado', 'excesso', 'cerveja', 'Uma', 'jovem', 'bebeu', 'demais', 'Atropelou', 'padre', 'noivos', 'Na', 'porta', 'igreja', 'pro', 'índio', 'nada', 'faz', 'sentido', 'Com', 'tantas', 'drogas', 'Porque', 'cachimbo', 'proibido', 'Maresia', 'sente', 'maresia', 'Maresia', 'uuhu', 'Apaga', 'fumaça', 'revólver', 'pistola', 'Manda', 'fumaça', 'cachimbo', 'pra', 'cachola', 'Acende', 'puxa', 'prende', 'passa', 'Índio', 'quer', 'cachimbo', 'índio', 'quer', 'fazer', 'fumaça', 'Na', 'penitenciária', 'índio', 'lei', 'Conheceu', 'criminosos', 'verdade', 'Entrando', 'saindo', 'voltando', 'Cada', 'vez', 'perigosos', 'pra', 'sociedade', 'Aí', 'cumpádi', 'rolando', 'sorteio', 'prisão', 'Pra', 'reduzir', 'super', 'lotação', 'Todo', 'mês', 'alguns', 'presos', 'ser', 'executados', 'índio', 'dessa', 'vez', 'sorteados', 'tentou', 'acalmar', 'outros', 'presos', 'Peraí', 'vamô', 'fumar', 'cachimbinho', 'paz', 'Eles', 'começaram', 'rir', 'espancaram', 'velho', 'índio', 'poder', 'antes', 'morrer', 'pensou', 'Essa', 'tribo', 'atrasada', 'demais', 'Eles', 'querem', 'acabar', 'violência', 'Mas', 'paz', 'contra', 'lei', 'lei', 'contra', 'paz', 'cachimbo', 'índio', 'continuava', 'proibido', 'Mas', 'quer', 'comprar', 'fácil', 'pão', 'Hoje', 'dia', 'vendido', 'Pelos', 'mesmos', 'bandidos', 'mataram', 'velho', 'índio', 'prisão', 'Maresia', 'sente', 'maresia', 'Maresia', 'uuhu', 'Apaga', 'fumaça', 'revólver', 'pistola', 'Manda', 'fumaça', 'cachimbo', 'pra', 'cachola', 'Acende', 'puxa', 'prende', 'passa', 'Índio', 'quer', 'cachimbo', 'índio', 'quer', 'fazer', 'fumaça', 'Maresia', 'sente', 'maresia', 'Maresia', 'uuhu', 'Apaga', 'fumaça', 'revólver', 'pistola', 'Sente', 'marisia', 'Maresia', 'Índio', 'quer', 'cachimbo', 'índio', 'quer', 'fazer', 'fumaça', 'Apaga', 'fumaça', 'revólver', 'pistola', 'Sente', 'marisia', 'Acende', 'puxa', 'prende', 'passa', 'uuhu', 'Apaga', 'fumaça', 'revólver', 'pistola', 'Sente', 'maresia', 'Maresia', 'Índio', 'quer', 'cachimbo', 'índio', 'quer', 'fazer', 'fumaça', 'Apaga', 'fumaça', 'revólver', 'pistola', 'Manda', 'fumaça', 'cachimbo', 'pra', 'cachola', 'Acende', 'puxa', 'prende', 'passa', 'Índio', 'quer', 'cachimbo', 'índio', 'quer', 'fazer', 'fumaça', 'Apaga', 'fumaça', 'revólver', 'pistola', 'Manda', 'fumaça', 'cachimbo', 'pra', 'cachola', 'Acende', 'puxa', 'prende', 'passa', 'Índio', 'quer', 'cachimbo', 'índio', 'quer', 'fazer', 'fumaça', 'Apaga', 'fumaça', 'revólver', 'pistola', 'Manda', 'fumaça', 'cachimbo', 'pra', 'cachola']",PT-BR,"https://api.vagalume.com.br/search.php?art= Gabriel O Pensador, Lulu Santos &mus=Cachimbo-Da-Paz&apikey=dc668952146a4a25b6d06586e7b69708",GoogleSearch OK,,,,,,,,,,,,,,
NuncaVouDeixarVocê,Karametade,"['Não', 'mudou', 'nada', 'mim', 'Tenho', 'mesmos', 'amigos', 'As', 'mesmas', 'manias', 'Eu', 'troco', 'time', 'santo', 'guias', 'Sou', 'fiel', 'fazer', 'fantasia', 'Meu', 'coração', 'assim', 'Só', 'quero', 'amor', 'Pular', 'cerca', 'pulei', 'amei', 'Errar', 'errei', 'voltei', 'Transar', 'transei', 'fiquei', 'Você', 'manda', 'coração', 'Você', 'acende', 'fogo', 'paixão', 'Quem', 'dá', 'show', 'hora', 'amar', 'Quem', 'sabe', 'fazer', 'corpo', 'delirar', 'Você', 'põe', 'verdade', 'ilusão', 'É', 'loucura', 'tentação', 'Você', 'dá', 'show', 'hora', 'prazer', 'Por', 'nunca', 'vou', 'deixar', 'Meu', 'coração', 'assim', 'Só', 'quero', 'amor', 'Pular', 'cerca', 'pulei', 'amei', 'Errar', 'errei', 'voltei', 'Transar', 'transei', 'fiquei', 'Você', 'manda', 'coração', 'Você', 'acende', 'fogo', 'paixão', 'Quem', 'dá', 'show', 'hora', 'amar', 'Quem', 'sabe', 'fazer', 'corpo', 'delirar', 'Você', 'põe', 'verdade', 'ilusão', 'É', 'loucura', 'tentação', 'Você', 'dá', 'show', 'hora', 'prazer', 'Por', 'nunca', 'cou', 'deixar', 'voce']",PT-BR,https://api.vagalume.com.br/search.php?art= Karametade &mus=Nunca-Vou-Deixar-Voce&apikey=dc668952146a4a25b6d06586e7b69708,exact,,,,,,,,,,,,,,
SóLove,ClaudinhoeBuchecha,"['Só', 'love', 'love', 'Só', 'love', 'love', 'Só', 'love', 'love', 'love', 'love', 'Quero', 'novo', 'Me', 'atracar', 'gosto', 'corpo', 'alma', 'coração', 'Venero', 'demais', 'prazer', 'Controlo', 'calendário', 'utilizar', 'mãos', 'Quero', 'novo', 'Me', 'atracar', 'gosto', 'corpo', 'alma', 'coração', 'Venero', 'demais', 'prazer', 'Controlo', 'calendário', 'utilizar', 'mãos', 'Amor', 'vou', 'esperar', 'pra', 'ter', 'prazer', 'Seu', 'corpo', 'quente', 'sol', 'Eu', 'vivo', 'sonhar', 'pensando', 'Delírios', 'jogar', 'futebol', 'Só', 'love', 'love', 'Só', 'love', 'love', 'Só', 'love', 'love', 'love', 'love', 'arriscasse', 'alguém', 'Não', 'tão', 'bom', 'quanto', 'Eu', 'vou', 'confiar', 'ninguém', 'vou', 'envolver', 'qualquer', 'Pra', 'despir', 'toda', 'razão', 'emoção', 'transparecer', 'Deixarei', 'momentos', 'vão', 'Pra', 'amar', 'ser', 'Só', 'love', 'love', 'Só', 'love', 'love', 'Só', 'love', 'love', 'love', 'love']",PT-BR,https://api.vagalume.com.br/search.php?art= Claudinho e Buchecha &mus=So-Love&apikey=dc668952146a4a25b6d06586e7b69708,aprox,,,,,,,,,,,,,,
Mineirinho/SaidaMinhaAba,SóPraContrariar,"['Eu', 'culpa', 'De', 'comer', 'quietinho', 'No', 'cantinho', 'Boto', 'pra', 'quebrar', 'Levo', 'vida', 'Bem', 'jeitinho', 'Sou', 'fazer', 'Não', 'falar', 'Eu', 'culpa', 'De', 'comer', 'quietinho', 'No', 'cantinho', 'Boto', 'pra', 'quebrar', 'Levo', 'vida', 'Bem', 'jeitinho', 'Sou', 'fazer', 'Não', 'falar', 'Quer', 'saber', 'pra', 'dar', 'Vai', 'fazer', 'delirar', 'Tem', 'sabor', 'queijo', 'docinho', 'Oh', 'benzinho', 'vai', 'gostar', 'É', 'tão', 'maneiro', 'Uai', 'bom', 'demais', 'Não', 'duvidar', 'O', 'tempero', 'Uai', 'mineiro', 'faz', 'Vem', 'provar', 'amarrar', 'É', 'tão', 'maneiro', 'Uai', 'bom', 'demais', 'Não', 'duvidar', 'O', 'tempero', 'Uai', 'mineiro', 'faz', 'Quem', 'prova', 'amarra', 'Eu', 'disse', 'ai', 'ai', 'duvidar', 'Faz', 'faz', 'prova', 'amarra', 'Ai', 'ai', 'duvidar', 'Faz', 'faz', 'prova', 'amarra', 'Eu', 'culpa', 'De', 'comer', 'quietinho', 'No', 'cantinho', 'Boto', 'pra', 'quebrar', 'Levo', 'vida', 'Bem', 'jeitinho', 'Sou', 'fazer', 'Não', 'falar', 'Eu', 'culpa', 'De', 'comer', 'quietinho', 'No', 'cantinho', 'Boto', 'pra', 'quebrar', 'Levo', 'vida', 'Bem', 'jeitinho', 'Quero', 'fazer', 'Não', 'falar', 'Quer', 'saber', 'pra', 'dar', 'Vai', 'fazer', 'delirar', 'Tem', 'sabor', 'queijo', 'docinho', 'Oh', 'benzinho', 'oh', 'benzinho', 'vai', 'gostar', 'É', 'tão', 'maneiro', 'Uai', 'bom', 'demais', 'Não', 'duvidar', 'O', 'tempero', 'Uai', 'mineiro', 'faz', 'Quem', 'prova', 'amarra', 'É', 'tão', 'maneiro', 'Uai', 'bom', 'demais', 'Não', 'duvidar', 'O', 'tempero', 'Uai', 'mineiro', 'faz', 'Quem', 'prova', 'amarra', 'Eu', 'disse', 'ai', 'disse', 'ai', 'duvidar', 'Faz', 'faz', 'prova', 'amarra', 'Ai', 'ai', 'duvidar', 'Faz', 'faz', 'prova', 'amarra', 'sai', 'pra', 'lá', 'manca', 'vê', 'esquece', 'Não', 'aguento', 'estresse', 'Se', 'dou', 'mão', 'quer', 'logo', 'pé', 'Isso', 'aborrece', 'Sai', 'pra', 'lá', 'bicão', 'sai', 'pra', 'lá', 'mané', 'Vê', 'desaparece', 'É', 'toda', 'hora', 'cumpadre', 'Quebra', 'galho', 'aí', 'É', 'qualquer', 'emprestado', 'Sempre', 'pedir', 'Se', 'tô', 'bebendo', 'cerveja', 'Bebe', 'copo', 'Se', 'acendo', 'cigarro', 'Quer', 'fumar', 'pra', 'mim', 'Chego', 'pagode', 'Quer', 'entrar', 'comigo', 'Se', 'ganho', 'garota', 'Tenta', 'atrasar', 'Fica', 'marcando', 'Pra', 'ter', 'perigo', 'perder', 'Minha', 'carona', 'Quando', 'mandar', 'Da', 'aba', 'aba', 'Da', 'aba', 'Sai', 'aba', 'Sai', 'pra', 'lá', 'Sem', 'poder', 'ver', 'Sai', 'aba', 'Sai', 'pra', 'lá', 'Não', 'aturo', 'Sai', 'aba', 'Sai', 'pra', 'lá', 'Sem', 'poder', 'ver', 'Sai', 'aba', 'Sai', 'pra', 'lá', 'Não', 'aturo', 'Da', 'aba', 'aba', 'Da', 'aba', 'Sai', 'aba', 'Sai', 'pra', 'lá', 'Sem', 'poder', 'ver', 'Sai', 'aba', 'Sai', 'pra', 'lá', 'Não', 'aturo', 'Sai', 'aba', 'Sai', 'pra', 'lá', 'Sem', 'poder', 'ver', 'Sai', 'aba', 'Sai', 'pra', 'lá', 'Não', 'aturo', 'Ai', 'ai', 'Ai', 'ai', 'Ai', 'ai', 'Não', 'aturo', 'Ai', 'ai', 'Não', 'aturo']",PT-BR,https://api.vagalume.com.br/search.php?art= So Pra Contrariar &mus=Mineirinho-/-Sai-da-Minha-Aba&apikey=dc668952146a4a25b6d06586e7b69708,GoogleSearch OK,,,,,,,,,,,,,,
VemNhaNhã,BoquinhaDaGarrafa,"['Intro', 'Ai', 'ai', 'ai', 'Que', 'filha', 'É', 'lua', 'cheia', 'dupla', 'Seu', 'jeito', 'deixa', 'louco', 'quero', 'namorar', 'Dance', 'comigo', 'colado', 'deixe', 'corpo', 'suar', 'É', 'calor', 'corpo', 'esquenta', 'Me', 'transformando', 'fogo', 'balé', 'vai', 'vem', 'Vem', 'nha', 'nha', 'devagarinho', 'Vem', 'nha', 'nha', 'vem', 'mansinho', 'Vem', 'nha', 'nha', 'bem', 'gostosinho', 'vem', 'comigo', 'vem', 'nha', 'nha', 'Não', 'diga', 'cansada', 'nha', 'nhou', 'alguém', 'Te', 'quero', 'bem', 'assanhada', 'fique', 'nhém', 'nhém', 'nhém', 'Agora', 'faça', 'pedido', 'amor', 'emoção']",PT-BR,https://api.vagalume.com.br/search.php?art= Boquinha Da Garrafa &mus=Vem-Nha-Nha&apikey=dc668952146a4a25b6d06586e7b69708,aprox,,,,,,,,,,,,,,
Aprimeiravista,DanielaMercury,"['Quando', 'nada', 'quis', 'Quando', 'tudo', 'ausência', 'esperei', 'Quando', 'frio', 'tremi', 'Quando', 'coragem', 'liguei', 'Quando', 'chegou', 'carta', 'abri', 'Quando', 'ouvi', 'Prince', 'dancei', 'Quando', 'olho', 'brilhou', 'entendi', 'Quando', 'criei', 'asas', 'voei', 'Quando', 'chamou', 'vim', 'Quando', 'dei', 'mim', 'tava', 'aqui', 'Quando', 'achei', 'perdi', 'Quando', 'vi', 'apaixonei', 'Quando', 'nada', 'quis', 'Quando', 'tudo', 'ausência', 'esperei', 'Quando', 'frio', 'tremi', 'Quando', 'coragem', 'liguei', 'Quando', 'chegou', 'carta', 'abri', 'Quando', 'ouvi', 'Salif', 'Keita', 'dancei', 'Quando', 'olho', 'brilhou', 'entendi', 'Quando', 'criei', 'asas', 'voei', 'Quando', 'chamou', 'vim', 'Quando', 'dei', 'mim', 'tava', 'aqui', 'Quando', 'achei', 'perdi', 'Quando', 'vi', 'apaixonei', 'Ohhh', 'amara', 'zaia', 'zoie', 'di', 'zaia', 'di', 'zaia', 'zaiii', 'ingado', 'annn', 'Ohhh', 'amara', 'zaia', 'zoie', 'di', 'zaia', 'di', 'zaia', 'zaiii', 'ingado', 'annn']",PT-BR,https://api.vagalume.com.br/search.php?art= Daniela Mercury &mus=A-primeira-vista&apikey=dc668952146a4a25b6d06586e7b69708,aprox,,,,,,,,,,,,,,
Naboquinhadagarrafa,Ciadopagode,"['No', 'samba', 'disse', 'rala', 'No', 'samba', 'la', 'vi', 'quebrar', 'No', 'samba', 'gosta', 'rala', 'rala', 'Me', 'trocou', 'garrafa', 'nao', 'aguentou', 'ralar', 'Vai', 'ralando', 'boquinha', 'garrafa', 'boca', 'garrafa', 'Vai', 'descendo', 'boquinha', 'garrafa', 'boca', 'garrafa', 'Desce', 'desce', 'pouquinho', 'Desce', 'desce', 'devagarinho', 'Vai', 'saindo', 'boquinha', 'garrafa', 'boca', 'garrafa', 'Vai', 'subindo', 'boquinha', 'garrafa', 'boca', 'garrafa', 'Sobe', 'sobe', 'pouquinho', 'Sobe', 'sobe', 'devagarinho', 'Sim', 'gosta', 'rala', 'rala', 'embalo', 'samba', 'Ela', 'so', 'pensa', 'ralar', 'Ela', 'gosta', 'rala', 'rala', 'viu', 'boca', 'garrafa', 'Nao', 'aguentou', 'ralar', 'Desde', 'inicio', 'Vai', 'ralando', 'boquinha', 'garrafa', 'boca', 'garrafa', 'Sobe', 'desce', 'boquinha', 'garrafa']",PT-BR,https://api.vagalume.com.br/search.php?art= Cia do pagode &mus=Na-boquinha-da-garrafa&apikey=dc668952146a4a25b6d06586e7b69708,aprox,,,,,,,,,,,,,,
BeijaEu,MarisaMonte,"['Seja', 'Seja', 'Deixa', 'aceita', 'O', 'Então', 'deita', 'aceita', 'Molha', 'Seca', 'Deixa', 'céu', 'receba', 'O', 'Anoiteça', 'amanheça', 'Beija', 'Beija', 'Beija', 'beija', 'Deixa', 'O', 'ser', 'Então', 'beba', 'receba', 'Meu', 'corpo', 'corpo', 'Eu', 'corpo', 'Deixa', 'Eu', 'deixo', 'Anoiteça', 'amanheça']",PT-BR,https://api.vagalume.com.br/search.php?art= Marisa Monte &mus=Beija-Eu&apikey=dc668952146a4a25b6d06586e7b69708,aprox,,,,,,,,,,,,,,
OlhaAmor,GianeGiovani,"['Olha', 'amor', 'tô', 'morrendo', 'saudade', 'Coração', 'ta', 'vontade', 'sentir', 'pulsar', 'Olha', 'amor', 'vi', 'todos', 'planos', 'Se', 'perdendo', 'desenganos', 'vi', 'mundo', 'desabar', 'Olha', 'amor', 'tantas', 'aí', 'Tive', 'vezes', 'mentir', 'esquecido', 'Olha', 'amor', 'mentia', 'mundo', 'Mas', 'saudade', 'profunda', 'fez', 'vida', 'sofrida', 'Olha', 'amor', 'saudade', 'doi', 'demais', 'Roubou', 'toda', 'paz', 'Ta', 'difícil', 'esquecer', 'Olha', 'amor', 'favor', 'esqueça', 'Estou', 'perdendo', 'cabeça', 'De', 'saudade']",PT-BR,https://api.vagalume.com.br/search.php?art= Gian e Giovani &mus=Olha-Amor&apikey=dc668952146a4a25b6d06586e7b69708,aprox,,,,,,,,,,,,,,
OMaisBeloDosBelos,DanielaMercury,"['Quem', 'sobe', 'ladeira', 'Curuzu', 'coisa', 'linda', 'ver', 'É', 'Ilê', 'Ayê', 'O', 'Mais', 'Belo', 'Dos', 'Belos', 'Sou', 'Bata', 'peito', 'forte', 'diga', 'Eu', 'Ilê', 'Não', 'pegue', 'Me', 'deixe', 'vontade', 'Não', 'pegue', 'Me', 'deixe', 'vontade', 'Deixe', 'curtir', 'Ilê', 'O', 'charme', 'liberdade', 'Como', 'Deixe', 'curtir', 'Ilê', 'O', 'charme', 'liberdade', 'Quem', 'curte', 'sabe', 'negão', 'perdendo', 'É', 'tanta', 'felicidade', 'O', 'Ilê', 'Ayê', 'vem', 'trazendo', 'anos', 'glória', 'São', 'dias', 'Nessa', 'linda', 'trajetória', 'No', 'carnaval', 'Bahia', 'galera', 'dizer', 'Não', 'pegue', 'Me', 'deixe', 'vontade', 'Não', 'pegue', 'Me', 'deixe', 'vontade', 'Deixe', 'curtir', 'Ilê', 'O', 'charme', 'Liberdade', 'Como', 'Deixe', 'curtir', 'Ilê', 'O', 'charme', 'liberdade', 'É', 'tão', 'hipnotizante', 'negão', 'O', 'swing', 'dessa', 'banda', 'beleza', 'negra', 'Aqui', 'manda', 'Vai', 'exalar', 'charme', 'vai', 'Para', 'mundo', 'ver', 'Vem', 'mostrar', 'Deusa', 'Negra', 'Ilê', 'galera', 'dizer', 'Não', 'pegue', 'Me', 'deixe', 'vontade', 'Não', 'pegue', 'Me', 'deixe', 'vontade', 'Deixe', 'curtir', 'Ilê', 'O', 'charme', 'liberdade', 'Deixe', 'curtir', 'Ilê', 'O', 'charme', 'liberdade', 'É', 'sábado', 'carnaval', 'negão', 'Que', 'tremendo', 'zum', 'zum', 'zum', 'Ele', 'preparando', 'subir', 'Curuzu', 'Quem', 'aguenta', 'chora', 'tanta', 'emoção', 'Deus', 'imenso', 'prazer', 'criar', 'perfeição', 'galera', 'dizer', 'Não', 'pegue', 'Me', 'deixe', 'vontade', 'Não', 'pegue', 'Me', 'deixe', 'vontade', 'Deixe', 'curtir', 'Ilê', 'O', 'charme', 'liberdade', 'Como', 'Deixe', 'curtir', 'Ilê', 'O', 'charme', 'liberdade', 'Quem', 'sobe', 'ladeira', 'Curuzu', 'coisa', 'linda', 'ver', 'É', 'Ilê', 'Ayê', 'O', 'Mais', 'Belo', 'Dos', 'Belos', 'Sou', 'Bata', 'peito', 'forte', 'diga', 'Ilê']",PT-BR,https://api.vagalume.com.br/search.php?art= Daniela Mercury &mus=O-Mais-Belo-Dos-Belos&apikey=dc668952146a4a25b6d06586e7b69708,aprox,,,,,,,,,,,,,,
Eubuscoumaestrela,GianeGiovani,"['No', 'pensando', 'Pergunta', 'coração', 'Eu', 'sonhando', 'pranto', 'despertou', 'Estou', 'tristeza', 'silêncio', 'abraçou', 'Esse', 'sonho', 'faz', 'parar', 'Todo', 'pranto', 'rolou', 'Não', 'consigo', 'perdoar', 'culpo', 'dor', 'Se', 'amo', 'tanto', 'Por', 'sofrer', 'amor', 'Eu', 'busco', 'estrela', 'Que', 'dia', 'deixei', 'fugir', 'Ela', 'levou', 'pro', 'ceu', 'razão', 'existir', 'Eu', 'busco', 'estrela', 'Que', 'noite', 'abandonou', 'Uma', 'estrela', 'tão', 'bela', 'mulher', 'conquistou']",PT-BR,https://api.vagalume.com.br/search.php?art= Gian e Giovani &mus=Eu-busco-uma-estrela&apikey=dc668952146a4a25b6d06586e7b69708,aprox,,,,,,,,,,,,,,
EuJuro,LeandroeLeonardo,"['Eu', 'vejo', 'luz', 'olhar', 'Como', 'noite', 'luar', 'Luz', 'guia', 'onde', 'Você', 'Meu', 'motivo', 'pra', 'sorrir', 'Caminho', 'certo', 'pra', 'seguir', 'Saiba', 'Meu', 'verdadeiro', 'amor', 'Eu', 'juro', 'Por', 'mim', 'Por', 'Deus', 'pais', 'Vou', 'amar', 'Eu', 'juro', 'Que', 'amor', 'acaba', 'jamais', 'Vou', 'amar', 'É', 'tanto', 'querer', 'tanta', 'paixão', 'Te', 'amo', 'fundo', 'coração', 'Eu', 'juro', 'Um', 'homem', 'mulher', 'Juntos', 'pro', 'der', 'vier', 'meia', 'luz', 'dois', 'sós', 'Então', 'gente', 'vai', 'sonhar', 'conseguir', 'realizar', 'Um', 'mundo', 'amor', 'fim', 'Porque', 'depende', 'Eu', 'juro', 'Por', 'mim', 'Por', 'Deus', 'pais', 'Vou', 'amar', 'Eu', 'juro', 'Que', 'amor', 'acaba', 'jamais', 'Vou', 'amar', 'É', 'tanto', 'querer', 'tanta', 'paixão', 'Te', 'amo', 'fundo', 'coração', 'Eu', 'juro', 'Eu', 'juro']",PT-BR,https://api.vagalume.com.br/search.php?art= Leandro e Leonardo &mus=Eu-Juro&apikey=dc668952146a4a25b6d06586e7b69708,aprox,,,,,,,,,,,,,,
